,userid,user_reported_location
0,+++b8OEhN1AawJWWWhVA4Yjhtzj2izkITEF2G47vARE=,ŸÖÿµÿ±
1,++NKgOjGxSjksF8OoE2pc279lQPgPw+2VAEDAQFFs=,"El Monofia, Egypt"
2,++dVkcrnp1zFBLBVYxCA5iim3HsPazfnIruLSeeNJjA=,"Hamedan,Iran"
3,++ef3C0Kijge2nRlhqtBnIK9ULUQOE0YeSEQ83P+o=,Âè∞ÊπæÂè∞ÂåóÂ∏Ç
4,+00pc1E4yLviN0ea5WuaCxjVFqGcBWw0vFQmQQeTmA=,United Arab Emirates
5,+0Oacq4TRDe1Zrg1dMJeFV4QVmNQVfOdRN2PzYkHHqk=,"Irani, Brasil"
6,+0xk+NCm4zwTx64fLgZuHs+ep0lC+MTLgXANBO+AO3w=,ÿØŸàŸÑÿ© ÿßŸÑŸÉŸàŸäÿ™
7,+10pZUBDuruQaXwin5QTQDSUZkXhc1Jcgz2s0AJvUEc=,ÿ≤€åÿ± ÿ¢ÿ®€å
8,+123v4e2fJRzQPCQwkSS7ZMMsWR179SuXa1xRIp3nbQ=,Kenya
9,+1sSknPFlfir5lYg7z2AyqSIHqADIby9p3bm7bgKFKo=,"ÿßŸÑŸÇŸÑŸäŸàÿ®Ÿäÿ©, ŸÖÿµÿ±"
10,+1zrIfSEu5GaeTzWgVgrPS6MiddJ55u5JXI5vuGzUY=,"New York, USA"
11,+2ZjtpvcFlD7ljpB0DkLO5IUXpuLMNgbxgTau4hc4ik=,ÿ¢ÿ∞ÿ±ÿ®ÿß€åÿ¨ÿßŸÜ   ÿ∫ÿ±ÿ®€å
12,+3ERKPZd2DXepRFvSlqPfO+nmyOaL8i0sXm2626PFo=,ÁæéÂõΩÂä†Âà©Á¶èÂ∞º‰∫ö
13,+3IgsYSyatx7xFWru0gBPqI5wU2Mg9XAtMMwA4omJU8=,"Georgia, USA"
14,+3gs5lFxhVNQ0zJEZHNO5voeIQfKBzBgmH9sQE8u8=,"Gambir, Indonesia"
15,+3yoT3hAQICbcIHU8a2i3kZTOmPA4f4nuKsPjXPq0ZA=,+3yoT3hAQICbcIHU8a2i3kZTOmPA4f4nuKsPjXPq0ZA=
16,+4ek0COMQlaBkybuhZjLmj0BNhe9nuwIWjJq7xCYFOo=,"Lebanon, TN"
17,+4oveyWW3HE0ea3jWLflaigC41+OOg2BGELW3rxgQ=,anzali
18,+64ZgYOkHD+H+Lzbi3Q7CaUyMUvOwmI0d64DuGx07es=,ÿ≤€åÿ± ŸæŸàŸÜÿ≤ ŸÜŸÇÿ¥Ÿá
19,+6T4IERqlvKsR2p5OyRTZ8IG2fqKlINvweRsgQk+w2U=,"ÿßŸÑŸÇÿßŸáÿ±ÿ©, ŸÖÿµÿ±"
20,+6YHt11hqIrs9kI9MC75lHRgxszj2y3YYsHoCnaTU+w=,Kingdom of Saudi Arabia
21,+7vmYRvBvs8wdK5w3MpbBLlbVl1hl7X23JCYO44pfU=,Shreveport
22,+7w9rw+934EbbiWU4FdmEqNiOn7u0iTuu8mGDeBnQOo=,"Iran,   Marvdasht"
23,+8CB0EqTBcTf1WbOs5byPYUwXLvx+Ly+bl1D6yZB3q0=,...
24,+96orAOBRMJnG6fbsZP7gkdL+opvjwCEJJ52L4TPc=,+96orAOBRMJnG6fbsZP7gkdL+opvjwCEJJ52L4TPc=
25,+9WehmafXyRmlubEvfRHZKNNUB0a2VLqkMoAUbT8yo=,Iran
26,+9aNTh56Myo9Y7kCtuLxkYArexlkCr7puzYq8uiykcc=,"San Diego, CA"
27,+9fJDK+gNec1vVP8nAkkREssUyFVdGPnBc4E5IgqaUk=,MAZANDARAN
28,+9x1G9WiAvWoHH3JlHXageNN3MIbmnoVmCElLZOLLTA=,ŸÇŸÖ
29,+ANWrvzWCh85bIOMKT05fh+FNwB+vfd2SpFLJqXUh0=,Egypt
30,+AycM83ak1Mbd9PdCRqAh42ITNj9aplL3CG4D++UcCA=,Sudan
31,+CmJ55vquybuBKWHDCYMV88a0oqwJYK761HR7GPnPk=,"Khuzestan,   IRI"
32,+CsN15Q3ASagrtGcgSYgNIcjzskkFHahN0mk617xDU=,ÿ∑Ÿáÿ±ÿßŸÜ
33,+DMXmrtvMCCh+EbzjHXGdlfntXXEbL7WjjUl53jLOXA=,shiraz
34,+DPTQSy20IlPv5CSENMv2KcWL6McQzp0Pd3Atox5VU=,HongKong
35,+DTqDjy1xQ41cXw7sjzMaT0owiPZNgmRAzoEbgWBI5Y=,10th of ramadan
36,+DUbJ6R+gCUdyUmS7UgR39WVftGlVCwyfCcuJdrkQ40=,"Overland Park, USA"
37,+DhJq4LgzqvSwN1npig4e2gQpqc0jiruR9zCsgIfk=,French Polynesia
38,+EBSBz71UQdapCg8eqzlmxpyKtVdVzPQEFf1EhvwI=,Libya
39,+FBztpJ5lJakDizX+jf+YoufXLyEYOOBDWYJY8g0DlI=,United Kingdom
40,+FDeybs5PRNpf34PRATcPOWf0FlvskRTuxrLyZ25Pow=,"Sao Paulo, Brazil"
41,+FIDDhXdbCq0dKRQQ3BWivEVjUGTfyPzeatK66OGgA=,"Moose Jaw, Saskatchewan"
42,+G5EwKcAX1S9+B4s6yvaGys6ZJCIcn18LEOuvssmlCw=,üáÆüá∑
43,+GchTj8VDJ+KytHo6XVu1zac140hq1Pl14CaprWi5PA=,"Aachen, Germany"
44,+H3e4huQnfPabIqJjpda8W933waxcGgJsnY0w+WcoI=,K.S.A 2030  ÿ≥ÿ≠ŸäŸÖŸä | ÿ®ŸÜŸä ŸàÿßŸäŸÑ |
45,+HwRBD7qy5GII382lfVNSYwhEBbGu3BsUpoKn08zdVY=,ÿ≥Ÿàÿ±Ÿäÿß
46,+Iiv2MzO8Y5+44dhifONJYjpShtf4s0BrLWvxWHbgg=,"The Capital, Kuwait"
47,+JLZBWXW6rPv05DOaGMAiy7E71vz97eXamGnMxKO5J0=,United States
48,+Jekm7PhcBGR3Wq1F4FcCyHcLw4Sp3bfmJpyUwNoSok=,ÿß€åÿ±ÿßŸÜ
49,+KzJuXy6T2+Ddhcx7ksmWn6tnvJnszot+34y+KoGEvM=,New Miami
50,+LWhC4emFjLoJAf7On2chELrnt4lhuvACSM2DRdng0=,ÿßÿµŸÅŸáÿßŸÜ
51,+M4BG1fHw2l+YdRqwOjf5jVZT4cRpfNZgmctjvU7HxE=,tehran
52,+OkRbzI0rh2yWKCj2HkiwEUEbwAtDMbIdEA7oTlQ1GM=,High Ridge
53,+POQ4UGn6yH0qS2TIMJRoaO4Hobpc1Ppy3nTpRxvgZs=,"Amsterdam, The Netherlands"
54,+QSg6OXBawqWJVydQqkHMuCYtMe45NeYJJgnGtFGDmE=,"Seoul, Republic of Korea"
55,+QYkr4BfXQtIRcqVg13UwwF1v1l7VAs+QAE1LCgOTQ=,Durham
56,+SOmsEp9SEfeAQzR2BWBa3wyvyG3TYqKCp6UU9pkkw=,Al-Kharj
57,+SZRHWCgwx+0ub6vrMe6Eb+DOePsKg+UlA5PEAehK4=,Japan
58,+SvGgolstz23tYBtWQIWdeNZHyHQDsck2Mdf7iPO71Q=,"Cairo, Egypt"
59,+THldS4l9KgMxeySAeIdOucJ98bQDi6MfL3AsYUuds=,Yemen
60,+TbEt4tubstjGcMMbdBGwDFMWZtUik61PUYfzqQ=,"ÿßŸÑÿ£ÿ≥ŸÉŸÜÿØÿ±Ÿäÿ©, ŸÖÿµÿ±"
61,+U5oN5WlfPc1sufyBq3DKvzHOPILFv4arJpGE2M8o=,France
62,+UUlgwOo7dvhBeB3mpizxKwMZijfx8gXCpZ7S2gP4E=,"Dubai, United Arab Emirates"
63,+UwGipuZomwi3XueTuivmA2alph6K2zmNqso13yJk=,"Jeddah, Kingdom of Saudi Arabia"
64,+V5RCMwF9AxsSbQw9V0q0rymm3REwwu8yTP7ZjjqZI=,ÿ™Ÿáÿ±ÿßŸÜ
65,+VaGpB0rgTVPzQc1el5aN6ZnfFzSi8fP+KTCFhVMxmo=,Lebanon
66,+VqnEUb5B0QUPBFPyFz2KxF1l4hKmKJg0vYI0edg5Ws=,"Dallas, TX"
67,+WV+dxwo83xBoixFayXza530+OAIZHNXP+D7fbwsAs=,Erie
68,+WrtJU5LrnUpTbX466ERBdlJlFPV2F9ZkYBZ6qMXSo=,Cincinnati
69,+X3wkTJY0bm6DtffvLrwHJtsbVy0xgF3Ik1UwKm51Zw=,Little Rock
70,+XxLAgRRMF3GJEJ9xrSOX+lP6ZjVyDpI2mMYJcrjBQ=,Riyadh
71,+YD5z5q+w1X9+aWJyN+vnsEI1L8L8MBt1AiECihFj8=,Pennsylvania
72,+YRdaKbxHv0DWCfiPSxxI46tru6NYw9twRroi9vk=,khansar
73,+YhB2Or0VF4GufC2MB653P7Evnl66he8sRswiNPctLY=,ÿ∑Ÿáÿ±ŸàŸÜ
74,+ZPMEkaCpxlnSug88JSojnxg+AE7p8viodFn5CRg=,:)
75,+ZRD6XlzD61jbTjnjUMNf0iSJaZnsGyyVccojPjW4BM=,ÿßŸÑŸàŸÉÿ±Ÿá 
76,+ZT0ruukAethpt4TRBlAbWtcT0lDJfzMoD0RPHvcY=,Semnan
77,+aVanAQXGqzPhnW0z9dJU3XiYOHWTdMZROie93uPvnY=,ÿßŸÑŸÖŸÖŸÑŸÉÿ© ÿßŸÑÿπÿ±ÿ®Ÿäÿ© ÿßŸÑÿ≥ÿπŸàÿØŸäÿ©
78,+awAY99LdFGe6As2N801ZLDY23apBhmoQkXQqWl4sTk=,Somalia
79,+bmLaDioNnOCy5c+0S8w6v1fzIsuw3vHfDFPTAXj7g=,Eugene
80,+c0Q6DZeO9ts+tpKmvyWK9MOOSde+1grJ37pKCOseE=,Hamedan
81,+ciINb2TmTXJGc70cq+GZ2TPZlLJsQzQ7NltbopPg=,ÿ¨ŸÖŸáŸàÿ±€å ÿßÿ≥ŸÑÿßŸÖ€å ÿß€åÿ±ÿßŸÜüáÆüá∑
82,+dUszeZR+OEBw7NYUeRd8zieinex9fw+EhG3su9lq8=,ÿßÿ±ÿØÿ®€åŸÑ
83,+eMG2Y4yK9w3IFxogEkgRMA96AlJY2w76P6l6fL8=,Republic of Korea
84,+eeiXMfSAKpdBUHlRJBLbJ2q8aaI39F3oiPugAQcX4=,"Izmir, Turkey"
85,+efLi1pTSGYaelvl2ETcEpKffq9wriN23aA5M9TQYg=,ÿ¨ŸÖŸáŸàÿ±€å ÿßÿ≥ŸÑÿßŸÖ€å ÿß€åÿ±ÿßŸÜ
86,+fwTi4Wv1fs5sua3wZXqtBWBMMAy5IKNd5euWlP8Kuk=,ŸÖÿ¥ŸáÿØ
87,+gMdskpLIdSsCAJjZ+66Y3wKpL+kPhn7+ezZDPGD7A=,Morocco
88,+gfbIbiCX2KkZgeWMiLhVz3g02QJlPSwTGmbbLfzt8U=,"Los Angeles, CA"
89,+ghGedOib99bDQeddOzGNpKu93KDOiMxV8ti9qj3zU=,karaj
90,+gwrw0o4f3T0M3G6XqIDJkBSNuG8aCktJANVaq5JFFs=,Gorgan
91,+ht7YmUMfdJjuQrA7r3EQl0o12iC0Y1O8+cjtzKwwc=,"Hartford, USA"
92,+iB8u4t1LiPgzoxi7MYoDobBfgS7ssujvs5yaRThqQ=,Pakistan
93,+iPsIpKQMg6RBLUH7rz9RquJvqGFh0At9B9cBPVq8o=,"faqous , El Sharkia / El arish"
94,+iX2axdeSiwpbr5o3yrUI3pKCY0iXmj7OHNlzcFQ=,ÿ≥€åÿ≥ÿ™ÿßŸÜ
95,+ifpp68hrGB47v6QOXhRq7h1inuww3U+J7zcqoQ71cg=,"New Jersey, USA"
96,+ikdMKI2KrOOvZFMDJqqb4VAX1ZiAYM3x2VxgIWtvB4=,Rabat-Sal√©-Zemmour-Zaer
97,+iqroNlzbdSq+YXIEJWgDmfJdPLfsE8qAejHyWbwYA=,+iqroNlzbdSq+YXIEJWgDmfJdPLfsE8qAejHyWbwYA=
98,+ix3ebnfsaYIx4qntGKYZSKDAIgICeUuKiCS9ZwYdVA=,ŸÑÿ®ŸÜÿßŸÜ
99,+jnILqBn4LyHXPGAel4Y8+tPHkdCg+Pg+Gau2T2W5c=,10 of Ramdan 
100,+lR0YpwVOLofarNh58bAYIXsdTj1hTHJebgrEB9TI3s=,"Jerez, Espa√±a"